模型,MAE,RMSE,R²,MAPE(%)
线性回归,339.6846735084553,482.368112023645,0.3512851825533648,15.059635162413421
随机森林,353.77063291139245,479.08322693624496,0.36009048195849513,16.64256761261755
XGBoost,360.1158752441406,483.8350215982717,0.3473336100578308,16.97782334259656
