模型,MAE,RMSE,R²,MAPE(%)
随机森林,353.77063291139245,479.08322693624496,0.36009048195849513,16.64256761261755
